iso3,location_name,n_scenarios,n_high_observed_high_excess,n_high_observed_not_high_excess,pct_high_observed_high_excess,pct_high_observed_not_high_excess
AFG,Afghanistan,84,0,84,0.0,1.0
AGO,Angola,84,0,0,0.0,0.0
ALB,Albania,84,0,0,0.0,0.0
AND,Andorra,84,0,0,0.0,0.0
ARE,United Arab Emirates,84,0,0,0.0,0.0
ARG,Argentina,84,0,0,0.0,0.0
ARM,Armenia,84,0,0,0.0,0.0
ASM,American Samoa,84,0,0,0.0,0.0
ATG,Antigua and Barbuda,84,0,0,0.0,0.0
AUS,Australia,84,0,0,0.0,0.0
AUT,Austria,84,0,0,0.0,0.0
AZE,Azerbaijan,84,0,0,0.0,0.0
BDI,Burundi,84,0,84,0.0,1.0
BEL,Belgium,84,0,0,0.0,0.0
BEN,Benin,84,0,56,0.0,0.6666666666666666
BFA,Burkina Faso,84,0,0,0.0,0.0
BGD,Bangladesh,84,0,84,0.0,1.0
BGR,Bulgaria,84,0,0,0.0,0.0
BHR,Bahrain,84,0,0,0.0,0.0
BHS,Bahamas,84,0,0,0.0,0.0
BIH,Bosnia and Herzegovina,84,0,0,0.0,0.0
BLR,Belarus,84,0,0,0.0,0.0
BLZ,Belize,84,0,0,0.0,0.0
BMU,Bermuda,84,0,0,0.0,0.0
BOL,Bolivia (Plurinational State of),84,7,21,0.0833333333333333,0.25
BRA,Brazil,84,0,0,0.0,0.0
BRB,Barbados,84,0,0,0.0,0.0
BRN,Brunei Darussalam,84,0,0,0.0,0.0
BTN,Bhutan,84,0,0,0.0,0.0
BWA,Botswana,84,0,0,0.0,0.0
CAF,Central African Republic,84,0,84,0.0,1.0
CAN,Canada,84,0,0,0.0,0.0
CHE,Switzerland,84,0,0,0.0,0.0
CHL,Chile,84,0,0,0.0,0.0
CHN,China,84,0,0,0.0,0.0
CIV,Côte d'Ivoire,84,0,0,0.0,0.0
CMR,Cameroon,84,0,28,0.0,0.3333333333333333
COD,Democratic Republic of the Congo,84,0,84,0.0,1.0
COG,Congo,84,0,0,0.0,0.0
COK,Cook Islands,84,0,0,0.0,0.0
COL,Colombia,84,0,0,0.0,0.0
COM,Comoros,84,0,84,0.0,1.0
CPV,Cabo Verde,84,0,0,0.0,0.0
CRI,Costa Rica,84,0,0,0.0,0.0
CUB,Cuba,84,0,0,0.0,0.0
CYP,Cyprus,84,0,0,0.0,0.0
CZE,Czechia,84,0,0,0.0,0.0
DEU,Germany,84,0,0,0.0,0.0
DJI,Djibouti,84,0,84,0.0,1.0
DMA,Dominica,84,0,0,0.0,0.0
DNK,Denmark,84,0,0,0.0,0.0
DOM,Dominican Republic,84,0,0,0.0,0.0
DZA,Algeria,84,0,0,0.0,0.0
ECU,Ecuador,84,0,0,0.0,0.0
EGY,Egypt,84,28,0,0.3333333333333333,0.0
ERI,Eritrea,84,0,84,0.0,1.0
ESP,Spain,84,0,0,0.0,0.0
EST,Estonia,84,0,0,0.0,0.0
ETH,Ethiopia,84,0,84,0.0,1.0
FIN,Finland,84,0,0,0.0,0.0
FJI,Fiji,84,28,0,0.3333333333333333,0.0
FRA,France,84,0,0,0.0,0.0
FSM,Micronesia (Federated States of),84,0,0,0.0,0.0
GAB,Gabon,84,0,0,0.0,0.0
GBR,United Kingdom,84,0,0,0.0,0.0
GEO,Georgia,84,0,0,0.0,0.0
GHA,Ghana,84,0,0,0.0,0.0
GIN,Guinea,84,0,84,0.0,1.0
GMB,Gambia,84,0,56,0.0,0.6666666666666666
GNB,Guinea-Bissau,84,0,56,0.0,0.6666666666666666
GNQ,Equatorial Guinea,84,0,0,0.0,0.0
GRC,Greece,84,0,0,0.0,0.0
GRD,Grenada,84,0,0,0.0,0.0
GRL,Greenland,84,0,0,0.0,0.0
GTM,Guatemala,84,0,0,0.0,0.0
GUM,Guam,84,28,0,0.3333333333333333,0.0
GUY,Guyana,84,0,0,0.0,0.0
HND,Honduras,84,0,0,0.0,0.0
HRV,Croatia,84,0,0,0.0,0.0
HTI,Haiti,84,0,84,0.0,1.0
HUN,Hungary,84,0,0,0.0,0.0
IDN,Indonesia,84,0,0,0.0,0.0
IND,India,84,16,40,0.1904761904761904,0.4761904761904761
IRL,Ireland,84,0,0,0.0,0.0
IRN,Iran (Islamic Republic of),84,0,0,0.0,0.0
IRQ,Iraq,84,0,0,0.0,0.0
ISL,Iceland,84,0,0,0.0,0.0
ISR,Israel,84,0,0,0.0,0.0
ITA,Italy,84,0,0,0.0,0.0
JAM,Jamaica,84,0,0,0.0,0.0
JOR,Jordan,84,0,0,0.0,0.0
JPN,Japan,84,0,0,0.0,0.0
KAZ,Kazakhstan,84,0,0,0.0,0.0
KEN,Kenya,84,81,3,0.9642857142857144,0.0357142857142857
KGZ,Kyrgyzstan,84,0,0,0.0,0.0
KHM,Cambodia,84,0,84,0.0,1.0
KIR,Kiribati,84,0,56,0.0,0.6666666666666666
KNA,Saint Kitts and Nevis,84,0,0,0.0,0.0
KOR,Republic of Korea,84,0,0,0.0,0.0
KWT,Kuwait,84,84,0,1.0,0.0
LAO,Lao People's Democratic Republic,84,0,84,0.0,1.0
LBN,Lebanon,84,0,0,0.0,0.0
LBR,Liberia,84,0,84,0.0,1.0
LBY,Libya,84,28,0,0.3333333333333333,0.0
LCA,Saint Lucia,84,0,0,0.0,0.0
LKA,Sri Lanka,84,0,0,0.0,0.0
LSO,Lesotho,84,81,3,0.9642857142857144,0.0357142857142857
LTU,Lithuania,84,0,0,0.0,0.0
LUX,Luxembourg,84,0,0,0.0,0.0
LVA,Latvia,84,0,0,0.0,0.0
MAR,Morocco,84,0,0,0.0,0.0
MCO,Monaco,84,0,0,0.0,0.0
MDA,Republic of Moldova,84,0,0,0.0,0.0
MDG,Madagascar,84,0,84,0.0,1.0
MDV,Maldives,84,0,0,0.0,0.0
MEX,Mexico,84,0,0,0.0,0.0
MHL,Marshall Islands,84,78,6,0.9285714285714286,0.0714285714285714
MKD,North Macedonia,84,0,0,0.0,0.0
MLI,Mali,84,0,28,0.0,0.3333333333333333
MLT,Malta,84,0,0,0.0,0.0
MMR,Myanmar,84,0,84,0.0,1.0
MNE,Montenegro,84,0,0,0.0,0.0
MNG,Mongolia,84,0,0,0.0,0.0
MNP,Northern Mariana Islands,84,0,0,0.0,0.0
MOZ,Mozambique,84,0,0,0.0,0.0
MRT,Mauritania,84,0,28,0.0,0.3333333333333333
MUS,Mauritius,84,56,0,0.6666666666666666,0.0
MWI,Malawi,84,0,84,0.0,1.0
MYS,Malaysia,84,0,0,0.0,0.0
NAM,Namibia,84,7,21,0.0833333333333333,0.25
NER,Niger,84,0,84,0.0,1.0
NGA,Nigeria,84,24,60,0.2857142857142857,0.7142857142857143
NIC,Nicaragua,84,0,0,0.0,0.0
NIU,Niue,84,28,0,0.3333333333333333,0.0
NLD,Netherlands,84,0,0,0.0,0.0
NOR,Norway,84,0,0,0.0,0.0
NPL,Nepal,84,0,56,0.0,0.6666666666666666
NRU,Nauru,84,84,0,1.0,0.0
NZL,New Zealand,84,0,0,0.0,0.0
OMN,Oman,84,0,0,0.0,0.0
PAK,Pakistan,84,78,6,0.9285714285714286,0.0714285714285714
PAN,Panama,84,0,0,0.0,0.0
PER,Peru,84,0,0,0.0,0.0
PHL,Philippines,84,54,2,0.6428571428571429,0.0238095238095238
PLW,Palau,84,0,0,0.0,0.0
PNG,Papua New Guinea,84,0,84,0.0,1.0
POL,Poland,84,0,0,0.0,0.0
PRI,Puerto Rico,84,0,0,0.0,0.0
PRK,Democratic People's Republic of Korea,84,6,50,0.0714285714285714,0.5952380952380952
PRT,Portugal,84,0,0,0.0,0.0
PRY,Paraguay,84,0,0,0.0,0.0
PSE,Palestine,84,8,20,0.0952380952380952,0.238095238095238
QAT,Qatar,84,0,0,0.0,0.0
ROU,Romania,84,0,0,0.0,0.0
RUS,Russian Federation,84,0,0,0.0,0.0
RWA,Rwanda,84,0,84,0.0,1.0
SAU,Saudi Arabia,84,0,0,0.0,0.0
SDN,Sudan,84,0,28,0.0,0.3333333333333333
SEN,Senegal,84,0,0,0.0,0.0
SGP,Singapore,84,0,0,0.0,0.0
SLB,Solomon Islands,84,0,84,0.0,1.0
SLE,Sierra Leone,84,0,84,0.0,1.0
SLV,El Salvador,84,0,0,0.0,0.0
SMR,San Marino,84,0,0,0.0,0.0
SOM,Somalia,84,0,84,0.0,1.0
SRB,Serbia,84,0,0,0.0,0.0
SSD,South Sudan,84,0,84,0.0,1.0
STP,Sao Tome and Principe,84,0,0,0.0,0.0
SUR,Suriname,84,0,0,0.0,0.0
SVK,Slovakia,84,0,0,0.0,0.0
SVN,Slovenia,84,0,0,0.0,0.0
SWE,Sweden,84,0,0,0.0,0.0
SWZ,Eswatini,84,1,27,0.0119047619047619,0.3214285714285714
SYC,Seychelles,84,84,0,1.0,0.0
SYR,Syrian Arab Republic,84,0,28,0.0,0.3333333333333333
TCD,Chad,84,0,84,0.0,1.0
TGO,Togo,84,0,84,0.0,1.0
THA,Thailand,84,28,0,0.3333333333333333,0.0
TJK,Tajikistan,84,0,0,0.0,0.0
TKM,Turkmenistan,84,0,0,0.0,0.0
TLS,Timor-Leste,84,39,45,0.4642857142857143,0.5357142857142857
TON,Tonga,84,72,12,0.8571428571428571,0.1428571428571428
TTO,Trinidad and Tobago,84,0,0,0.0,0.0
TUN,Tunisia,84,0,0,0.0,0.0
TUR,Türkiye,84,0,0,0.0,0.0
TUV,Tuvalu,84,3,25,0.0357142857142857,0.2976190476190476
TWN,Taiwan,84,0,0,0.0,0.0
TZA,United Republic of Tanzania,84,0,84,0.0,1.0
UGA,Uganda,84,0,56,0.0,0.6666666666666666
UKR,Ukraine,84,0,0,0.0,0.0
URY,Uruguay,84,0,0,0.0,0.0
USA,United States of America,84,0,0,0.0,0.0
UZB,Uzbekistan,84,0,0,0.0,0.0
VCT,Saint Vincent and the Grenadines,84,0,0,0.0,0.0
VEN,Venezuela (Bolivarian Republic of),84,0,0,0.0,0.0
VIR,United States Virgin Islands,84,0,0,0.0,0.0
VNM,Viet Nam,84,0,0,0.0,0.0
VUT,Vanuatu,84,0,84,0.0,1.0
WSM,Samoa,84,3,25,0.0357142857142857,0.2976190476190476
YEM,Yemen,84,0,84,0.0,1.0
ZAF,South Africa,84,84,0,1.0,0.0
ZMB,Zambia,84,0,0,0.0,0.0
ZWE,Zimbabwe,84,0,84,0.0,1.0
