Location,ISO3,Profile 2000,Profile 2023,Transition pathway,Delta adverse z: Household energy/HAP,Delta adverse z: Ambient PM2.5,Delta adverse z: Climate/transmission,Delta adverse z: WASH,Delta adverse z: Immunisation/UHC,Delta adverse z: HIV/TB,Delta adverse z: Nutrition,Delta adverse z: Health resources,Dominant contextual lag domain,Dominant delta adverse z,Number of positive lag domains
Bolivia (Plurinational State of),BOL,Double-high,Double-high,Double-high -> Double-high,1.484863315264942,-2.4255843095865717,0.4778969937308959,1.4009455728496651,2.2257777941693364,-0.05365989968148782,,0.22296993120322106,Immunisation/UHC,2.2257777941693364,5
Egypt,EGY,Double-high,Double-high,Double-high -> Double-high,1.290745662530417,0.21563109093876265,0.31647337748745086,1.2604598085671905,0.8687175619203189,0.0010819140435089913,,1.0361216935568691,Household energy/HAP,1.290745662530417,7
Fiji,FJI,Neither,Double-high,Neither -> Double-high,0.9012546510877476,0.09583262673178128,-0.11610395029088227,0.7753344239856341,0.25034039781558204,0.2772216543008137,,0.6807569011356115,Household energy/HAP,0.9012546510877476,6
Guam,GUM,Excess-only,Double-high,Excess-only -> Double-high,-0.2371993253357536,0.09448486607026485,-0.10145204545826236,-0.3817738520203784,,0.1836519869548261,,,HIV/TB,0.1836519869548261,2
India,IND,Double-high,Double-high,Double-high -> Double-high,-0.7161765753803305,1.229182247133812,0.0931531279412038,-0.5060483787062936,-0.8464526971603972,-0.0417172785241096,,0.001757074227873856,Ambient PM2.5,1.229182247133812,3
Kenya,KEN,Double-high,Double-high,Double-high -> Double-high,0.5015945213705009,0.6703651795923032,0.21663824925596842,1.4522663085785283,-0.3138988212000123,-0.6099918149816994,,0.27960951877076223,WASH,1.4522663085785283,5
Kuwait,KWT,Excess-only,Double-high,Excess-only -> Double-high,-0.9144970549624245,0.4076064538526203,0.00046414023611550045,0.0074211980486913465,0.08345768438595613,-0.3502569047294747,,-0.6204068362114294,Ambient PM2.5,0.4076064538526203,4
Lesotho,LSO,Double-high,Double-high,Double-high -> Double-high,-1.1707836162273295,-0.1467706249220428,-0.7630642039643507,-0.6455737136845303,-0.7546642988931404,1.2608380570713487,,-1.530511431872946,HIV/TB,1.2608380570713487,1
Libya,LBY,Excess-only,Double-high,Excess-only -> Double-high,0.7619225816082382,-0.07664159016198721,-0.3008011750606418,1.1969685106445969,0.6561820124934931,0.7822511111608612,,0.43467208651918293,WASH,1.1969685106445969,5
Marshall Islands,MHL,Neither,Double-high,Neither -> Double-high,-0.1017897034885988,0.3306609739182367,-0.20652819348518936,1.2619620251134307,1.0229162196643278,3.184695013942118,,0.4716178536298705,HIV/TB,3.184695013942118,5
Mauritius,MUS,Excess-only,Double-high,Excess-only -> Double-high,0.5667605385975819,0.8948934858775185,0.3363442689517395,0.9180742784733473,-0.1981197665199509,0.21280788439937653,,0.4776971178088032,WASH,0.9180742784733473,6
Namibia,NAM,Double-high,Double-high,Double-high -> Double-high,0.5635060867028832,0.33820323496560367,0.3499007886082188,1.1421089002561389,0.22751070326965012,-0.7623669184581656,,1.9968404075362245,Health resources,1.9968404075362245,6
Nauru,NRU,Double-high,Double-high,Double-high -> Double-high,0.9214872600291326,0.32475015055408063,-0.1814526004255641,0.9384189779564227,-1.074742878018418,0.5165014092911541,,1.5497202965991987,Health resources,1.5497202965991987,5
Nigeria,NGA,Double-high,Double-high,Double-high -> Double-high,-1.3781904845890707,-0.17240890657674823,0.07836377338968481,-0.9801981210399564,-0.078535486540952,0.20713094563879297,,-0.624628758000366,HIV/TB,0.20713094563879297,2
Niue,NIU,Excess-only,Double-high,Excess-only -> Double-high,0.24628100881884885,0.4445647794023515,0.1610771758684173,,1.1072314649068127,,,,Immunisation/UHC,1.1072314649068127,4
Pakistan,PAK,Double-high,Double-high,Double-high -> Double-high,-1.3514456738356564,0.07038210024236813,0.18371622091694473,-0.7002150453945113,-0.9004706862133085,0.3521705602463394,,0.4982853580861572,Health resources,0.4982853580861572,4
Palestine,PSE,Neither,Double-high,Neither -> Double-high,3.1448702681076366,0.318053545770018,0.1311763339832267,0.8134635668285766,0.6539337714647534,0.07648393498127415,,0.9073717720496471,Household energy/HAP,3.1448702681076366,7
Philippines,PHL,Double-high,Double-high,Double-high -> Double-high,-0.14367304785552315,-1.0192149182894579,-0.34048338543036827,-0.4831383066329221,-1.34038795291525,0.2020756814859921,,0.2406462963990107,Health resources,0.2406462963990107,2
Seychelles,SYC,Excess-only,Double-high,Excess-only -> Double-high,0.11944939145872513,0.33632292850907564,0.2348675519643184,-0.049004118188268296,-0.6994860021850101,0.6012218382646795,,0.7364247377455087,Health resources,0.7364247377455087,5
South Africa,ZAF,Double-high,Double-high,Double-high -> Double-high,0.2270515021135946,1.1606989462498978,-0.4805805716969869,1.0763808796827816,-0.2568320546684844,0.80167619822722,,0.13657341060933958,Ambient PM2.5,1.1606989462498978,5
Thailand,THA,Excess-only,Double-high,Excess-only -> Double-high,-0.09153635930331752,-0.2966825735987505,0.05401232030064951,-0.2157268533143295,0.37725080921219545,0.04797466842916298,,-0.282035373735293,Immunisation/UHC,0.37725080921219545,3
Timor-Leste,TLS,Double-high,Double-high,Double-high -> Double-high,-0.6330658464092239,-0.23823108247071234,-0.07728298603862083,,-0.4965981819538627,1.197864490754282,,,HIV/TB,1.197864490754282,1
Tonga,TON,Neither,Double-high,Neither -> Double-high,-0.3124141542993747,0.35157751171263874,-0.4080443512651862,0.4328623620909875,-0.8518577016912205,-0.14370979713144616,,-0.9145296109083765,WASH,0.4328623620909875,2
American Samoa,ASM,Neither,Excess-only,Neither -> Excess-only,1.504865836825379,0.4249662326699476,0.21789216864662508,1.7141281118799785,,0.2911008024984989,,,WASH,1.7141281118799785,5
Antigua and Barbuda,ATG,Neither,Excess-only,Neither -> Excess-only,0.29940880003885295,0.3020577182182864,0.31516765424586657,-0.1971854152033588,0.4914995057673367,0.5450157424914841,,1.883149676747378,Health resources,1.883149676747378,6
Azerbaijan,AZE,Double-high,Excess-only,Double-high -> Excess-only,-1.2560511456632348,0.7117050423291719,-0.07990228102987063,-1.6643490892311195,0.685199861257102,-0.1369618138596859,-0.5802766974653493,1.722571076754409,Health resources,1.722571076754409,3
Bahamas,BHS,Neither,Excess-only,Neither -> Excess-only,0.20557374590030442,-0.07626442422685453,0.13125681963091607,,0.9475572308243713,-1.316790620535868,,-0.010178409502735186,Immunisation/UHC,0.9475572308243713,3
Bahrain,BHR,Neither,Excess-only,Neither -> Excess-only,1.1170808131584076,-0.06955126483254714,0.17858241447935996,0.660219761488591,0.655906185106061,0.02393204720915243,,0.35322740847796824,Household energy/HAP,1.1170808131584076,6
Barbados,BRB,Neither,Excess-only,Neither -> Excess-only,0.4665534270921431,1.3930957578164267,-0.6146821982976634,-0.12047371156826998,0.0007194954173128931,0.8696442110378183,,0.5581821037701921,Ambient PM2.5,1.3930957578164267,5
Bermuda,BMU,Neither,Excess-only,Neither -> Excess-only,-0.4997754772948154,0.02887245675428185,-0.008785991116816994,0.010836210858958806,,-0.04760880605773532,,,Ambient PM2.5,0.02887245675428185,2
Botswana,BWA,Neither,Excess-only,Neither -> Excess-only,0.4391253923595791,-0.034974610787674165,-0.3718963404308676,0.29841013425537133,-0.7437948629168817,-2.339059730312811,,0.4223874572501998,Household energy/HAP,0.4391253923595791,3
Brazil,BRA,Double-high,Excess-only,Double-high -> Excess-only,0.428910233412071,-0.823684759071032,-0.17501506426127728,-0.39698140453886466,0.7944269162170954,0.12367009712470761,,-0.40933479745805523,Immunisation/UHC,0.7944269162170954,3
Bulgaria,BGR,Excess-only,Excess-only,Excess-only -> Excess-only,-0.9567713640512236,-0.1999655140528369,0.1574653696791487,1.4649468875488214,-0.3863442163787423,-0.0884863462509145,,0.8666166606823978,WASH,1.4649468875488214,3
China,CHN,Double-high,Excess-only,Double-high -> Excess-only,-0.913431674706863,-0.7986789879397361,0.16237500762640822,-0.6273659266914745,1.5530569965119265,1.4410436973041858,,0.09319275975426855,Immunisation/UHC,1.5530569965119265,4
Cook Islands,COK,Excess-only,Excess-only,Excess-only -> Excess-only,-1.3582662111857091,0.4194118964313105,0.06358367113202479,,-0.5107206023861243,,,,Ambient PM2.5,0.4194118964313105,2
Croatia,HRV,Neither,Excess-only,Neither -> Excess-only,-1.0499023488108459,-0.5914677795309414,0.2167425346305139,0.38171170709000446,-0.5679544868390796,-0.1492489220511286,,0.04102405650399338,WASH,0.38171170709000446,3
Czechia,CZE,Neither,Excess-only,Neither -> Excess-only,-0.2719285561479628,-0.29375132123634906,-0.1379923731391055,-0.7462915819651332,0.205861300122272,-0.26663578405428373,,0.0870786584646399,Immunisation/UHC,0.205861300122272,2
Dominica,DMA,Neither,Excess-only,Neither -> Excess-only,1.191130830238053,0.33593772471009353,0.25209727273005833,-0.6046629511232556,2.5323087867834313,-0.08388633982610562,,0.8477540387485737,Immunisation/UHC,2.5323087867834313,5
Estonia,EST,Neither,Excess-only,Neither -> Excess-only,-1.98100193518752,-0.4454711118126876,-0.2552937601062276,-1.2007988748010259,-0.3901046016748708,0.12411608496742149,,-0.2063971644181154,HIV/TB,0.12411608496742149,1
Georgia,GEO,Neither,Excess-only,Neither -> Excess-only,-1.9718640692520222,0.2750801741706388,0.2800942479020391,0.14537288305031992,-0.8418332516588367,0.1531156866351916,,0.08754546524881339,Climate/transmission,0.2800942479020391,5
Hungary,HUN,Neither,Excess-only,Neither -> Excess-only,-0.5296227240016266,-0.2679847305500349,0.03982171204996865,-0.12963605906819797,0.7566262662498313,-0.14102623297987382,,0.29986831781913137,Immunisation/UHC,0.7566262662498313,3
Indonesia,IDN,Excess-only,Excess-only,Excess-only -> Excess-only,-1.6696140078584756,-0.3901650331442768,-0.3551726245733259,-1.3264509356192349,-1.1456356367596592,0.1316327298864053,-0.20399820653596223,-0.5878112742058739,HIV/TB,0.1316327298864053,1
Iraq,IRQ,Double-high,Excess-only,Double-high -> Excess-only,0.9452529814287159,0.7540779619832327,0.19688786880611509,0.2636363036478102,0.6746131000300672,-0.01353843032507096,,,Household energy/HAP,0.9452529814287159,5
Jordan,JOR,Excess-only,Excess-only,Excess-only -> Excess-only,1.9789532067730469,1.5211949501498285,-0.06394495443197035,1.35455033069786,0.9323219807422853,-0.20163285717436003,,1.0420963830599115,Household energy/HAP,1.9789532067730469,5
Latvia,LVA,Neither,Excess-only,Neither -> Excess-only,-3.8749010819272947,-0.7704822227122138,-0.18151679308090019,-1.1533720267128937,-0.5672464580313887,-0.9638578681541918,,-0.15623176919623466,No positive contextual lag,0.0,0
Lebanon,LBN,Double-high,Excess-only,Double-high -> Excess-only,2.034879456170586,0.7759718981467667,0.2490474837133739,0.9076123845684926,2.016148183237434,-0.07319745149937729,,3.728106006098014,Health resources,3.728106006098014,6
Lithuania,LTU,Neither,Excess-only,Neither -> Excess-only,-2.0263604587254185,-1.216615220661412,-0.44198576865304784,-1.7495903544689486,-0.5653048773490936,-0.656054430510791,,0.8768088488444079,Health resources,0.8768088488444079,1
Malaysia,MYS,Excess-only,Excess-only,Excess-only -> Excess-only,0.8054064085197357,-0.0405239157454606,0.23424025917488045,0.5375396212234279,-0.1099293587103474,0.38314925043764614,,-0.014246607773875875,Household energy/HAP,0.8054064085197357,4
Montenegro,MNE,Neither,Excess-only,Neither -> Excess-only,0.7764728034507706,-0.027002027087201924,0.34743930877820306,,1.005313611807141,0.2991565137258312,,0.32116094459162914,Immunisation/UHC,1.005313611807141,5
Northern Mariana Islands,MNP,Excess-only,Excess-only,Excess-only -> Excess-only,0.2682109616029398,0.06775327344452431,-0.107139418816387,-2.365970730570764,,-1.462337605844834,,,Household energy/HAP,0.2682109616029398,2
Oman,OMN,Excess-only,Excess-only,Excess-only -> Excess-only,1.6627045817027302,0.04172290020297598,0.03809094981567479,1.4218321656253796,0.3447206896498211,-0.026645675900504207,,1.1269297892472223,Household energy/HAP,1.6627045817027302,6
Palau,PLW,Excess-only,Excess-only,Excess-only -> Excess-only,-1.5333237635818133,0.08133213827356633,-0.08975062799659939,-0.9294975181724424,-0.0985048316791079,2.2855230005567555,,-0.05066860490863312,HIV/TB,2.2855230005567555,2
Poland,POL,Neither,Excess-only,Neither -> Excess-only,-1.3012907660316126,-0.8664942543517606,-0.3961744838693494,0.8000596702419506,-0.32081775542621177,0.09673491637667408,,-0.46929236615038417,WASH,0.8000596702419506,2
Puerto Rico,PRI,Neither,Excess-only,Neither -> Excess-only,-0.1440893277898817,0.14851225231990278,0.08644591348109132,-1.6447913942527979,,-0.29605178761823925,,,Ambient PM2.5,0.14851225231990278,2
Qatar,QAT,Excess-only,Excess-only,Excess-only -> Excess-only,-0.9144970549624245,0.4703568882474105,0.0314835271732034,-0.0395909235861876,-0.9384420997917069,-0.2851251259031005,,-0.7065558397024299,Ambient PM2.5,0.4703568882474105,2
Romania,ROU,Neither,Excess-only,Neither -> Excess-only,-0.4645841641892382,-0.10683302700037231,0.15363303552508878,1.6007831029795632,0.5344682987016813,0.27853743888395427,,0.4720146706370972,WASH,1.6007831029795632,5
Saint Kitts and Nevis,KNA,Neither,Excess-only,Neither -> Excess-only,0.10430413500553559,0.3160582618582849,0.3161158383552136,,0.8902003578190998,0.40213219952395013,,1.2139660642950285,Health resources,1.2139660642950285,6
Saudi Arabia,SAU,Excess-only,Excess-only,Excess-only -> Excess-only,1.0128489326964973,0.8545304441437356,0.0883933154650966,0.8285179145554933,-0.37499517357958095,0.1378138027064637,,-0.04760688401815749,Household energy/HAP,1.0128489326964973,5
Singapore,SGP,Neither,Excess-only,Neither -> Excess-only,-0.9144970549624245,-0.1554800140643605,-0.07897150083107118,0.0074211980486913465,-0.5266314312446925,-0.08806064658790388,,-1.5441386574098408,WASH,0.0074211980486913465,1
Slovakia,SVK,Neither,Excess-only,Neither -> Excess-only,-1.557097778323905,-0.2836310060679942,0.1646010326200984,-0.7451538395942858,-0.050865575027164184,-0.44444806026925143,,0.2253715292292056,Health resources,0.2253715292292056,2
Slovenia,SVN,Neither,Excess-only,Neither -> Excess-only,-0.12084524673625596,-0.3349112357604322,0.1808141312711652,0.014490633461971048,-0.6657497640226492,-0.4021748980157915,,-0.5539595113595925,Climate/transmission,0.1808141312711652,2
Sri Lanka,LKA,Excess-only,Excess-only,Excess-only -> Excess-only,2.6833166963729047,-0.2675545308519315,0.2862121964146003,1.766482125114277,0.6000131444684026,0.5340541584682434,0.4625623625455728,0.6465586229999858,Household energy/HAP,2.6833166963729047,7
Taiwan,TWN,Excess-only,Excess-only,Excess-only -> Excess-only,1.4436329963762335,-0.3782210688995521,-0.19131848267374774,,,,,,Household energy/HAP,1.4436329963762335,1
Tunisia,TUN,Excess-only,Excess-only,Excess-only -> Excess-only,0.637126161858267,0.3466562603295693,-0.14619444020178451,-0.5037922842341396,-0.6575959166564974,0.007287988955731517,,0.4552635977476673,Household energy/HAP,0.637126161858267,4
Turkmenistan,TKM,Excess-only,Excess-only,Excess-only -> Excess-only,-0.594658850971236,0.8956567007542908,-0.2103697270314322,-0.44363951076062247,-0.27131383052730706,-0.45747364688415026,,0.5795860346863551,Ambient PM2.5,0.8956567007542908,2
Türkiye,TUR,Double-high,Excess-only,Double-high -> Excess-only,0.5592446714818535,0.6319567605674313,0.3676598072873405,1.0087544401257353,-0.6912639034954555,0.1885345446619165,,0.7363201379123607,WASH,1.0087544401257353,6
United Arab Emirates,ARE,Excess-only,Excess-only,Excess-only -> Excess-only,-0.9144970549624245,0.4190898719787457,0.1793233031233159,-0.18645683297239357,-0.4562359586417858,-0.32768262576393314,,-0.7675419018897573,Ambient PM2.5,0.4190898719787457,2
United States Virgin Islands,VIR,Neither,Excess-only,Neither -> Excess-only,-0.1976494249709818,0.09044303197371095,0.08586794779850448,-0.6602981262675524,,,,,Ambient PM2.5,0.09044303197371095,2
Albania,ALB,Neither,Neither,Neither -> Neither,-0.9109397923409273,-0.16996562775855356,-0.07789703787410385,-0.0595021538892177,-0.61223953343924,-0.03267990435127538,,-0.21795992985503249,No positive contextual lag,0.0,0
Algeria,DZA,Excess-only,Neither,Excess-only -> Neither,1.759784128916844,0.3249472402778921,0.3849177885915688,1.9173372463235756,0.26379988323363335,-0.001494477273405681,,0.5501403508114612,WASH,1.9173372463235756,6
Andorra,AND,Neither,Neither,Neither -> Neither,-0.9144970549624245,-0.21667505561958797,-0.2266867353485995,0.007419820212234529,-0.1513648353763593,-0.26663578405428373,,-0.7889714914008843,WASH,0.007419820212234529,1
Angola,AGO,Double-high,Neither,Double-high -> Neither,-1.1530388258410187,-0.24155380990365738,0.21762397683867474,-0.3504015907177401,-0.3060568996201467,0.8365861384231491,,-0.6277386619451654,HIV/TB,0.8365861384231491,2
Argentina,ARG,Neither,Neither,Neither -> Neither,0.21228878116540184,0.17792764325231109,-0.1426769483800288,,1.3504412557856047,0.43188407590869654,,1.9510985344235177,Health resources,1.9510985344235177,5
Armenia,ARM,Neither,Neither,Neither -> Neither,-0.7343856897031125,0.7185378506222053,-0.10872468147133074,0.1306133541274216,-0.5838550608024645,-0.1921010882158937,,-0.33058569700094986,Ambient PM2.5,0.7185378506222053,2
Australia,AUS,Neither,Neither,Neither -> Neither,0.8730660216519324,0.16405956989644388,0.035298067295474314,-0.1317557307914044,-0.1466333330159466,-0.2097403016575805,,-1.2450003599329709,Household energy/HAP,0.8730660216519324,3
Austria,AUT,Neither,Neither,Neither -> Neither,0.7726100995493268,-0.473915469791417,-0.09920293409373604,0.01007924128817983,-0.5408965750359453,-0.31530844583129447,,-0.8051253891031104,Household energy/HAP,0.7726100995493268,2
Belarus,BLR,Neither,Neither,Neither -> Neither,-0.576011873121114,-0.6368724098075246,-0.061294715408797495,-0.02344587592340769,0.3776003755843299,-1.0628840481289317,,0.46197310245567236,Health resources,0.46197310245567236,2
Belgium,BEL,Neither,Neither,Neither -> Neither,0.9445020196457412,-0.4873263749371521,-0.14773854152289873,0.0028729716754501977,-0.08243892132154118,-0.18703706625489097,,-0.8325173295874532,Household energy/HAP,0.9445020196457412,2
Belize,BLZ,Neither,Neither,Neither -> Neither,1.0059807104518563,0.38017807113814234,-0.0005653736578591362,0.9328103082262305,1.0966429968777451,0.00458956433910529,,0.9703046390279308,Immunisation/UHC,1.0966429968777451,6
Bhutan,BTN,Structural high,Neither,Structural high -> Neither,-2.764674639756645,-0.08322564389232229,0.1732192058841795,-1.2264759540391816,-1.086147700245855,-0.4456933057236738,,-2.323116213278631,Climate/transmission,0.1732192058841795,1
Bosnia and Herzegovina,BIH,Neither,Neither,Neither -> Neither,0.9802969715528258,-0.1727200482953113,0.19296519966233583,1.1934005443658406,0.5717008449709876,-0.5204559430868148,,-0.6784924038090935,WASH,1.1934005443658406,4
Brunei Darussalam,BRN,Neither,Neither,Neither -> Neither,-0.9144970549624245,0.07438981355343455,-0.06022870450007689,-3.061501968381217,-0.5286521770466743,-1.0489353975416664,,-0.5956508167156995,Ambient PM2.5,0.07438981355343455,1
Burkina Faso,BFA,Structural high,Neither,Structural high -> Neither,-0.531345398883544,-0.3323340503569958,-0.0004377539913887063,0.32020452404401745,-1.4350467249437107,-0.2587386563714083,,-0.5831129752561774,WASH,0.32020452404401745,1
Cabo Verde,CPV,Neither,Neither,Neither -> Neither,0.12367768091917763,0.1939201066847805,0.04841086799047206,0.0507016316856132,0.45011250886185883,-0.025952943819750496,,0.4993787597485483,Health resources,0.4993787597485483,6
Canada,CAN,Neither,Neither,Neither -> Neither,0.7474927449644311,0.022452814066288074,-0.023887957014979144,0.2843627973708046,-0.2941738959724502,-0.3007845329252037,,0.1390468073585061,Household energy/HAP,0.7474927449644311,4
Chile,CHL,Neither,Neither,Neither -> Neither,0.030697971153488268,0.08734494746004379,0.0314797562246657,-0.05189042844303432,-0.3827389308833595,0.8545752230405623,,0.8176192525096568,HIV/TB,0.8545752230405623,5
Colombia,COL,Neither,Neither,Neither -> Neither,0.3116864847433176,-0.507561861177523,-0.06888580732239347,-0.3120645173735678,-0.38110382638486406,0.03880347352740532,,-0.3347579781136885,Household energy/HAP,0.3116864847433176,2
Congo,COG,Double-high,Neither,Double-high -> Neither,0.7097835085637262,0.7512955692553576,-0.04362325552722468,,-0.1630478240283798,-0.1987641330745911,,0.11324285873426188,Ambient PM2.5,0.7512955692553576,3
Costa Rica,CRI,Neither,Neither,Neither -> Neither,0.15477747229539585,0.20151887346338848,-0.00421844859508369,-0.051361870142172084,0.1438475074668244,-0.023879297242411335,,-1.8095959203085703,Ambient PM2.5,0.20151887346338848,3
Cuba,CUB,Neither,Neither,Neither -> Neither,0.2377824986935776,0.007373110431218244,0.17188050287989054,0.3443373787852833,0.9156538712090296,-0.026761219722068297,,,Immunisation/UHC,0.9156538712090296,5
Cyprus,CYP,Neither,Neither,Neither -> Neither,0.08060089592893094,-0.4631088487610492,0.20838607766903258,0.019823427964325013,-0.7386160157694555,-0.01779771087235238,,-1.0258358120607405,Climate/transmission,0.20838607766903258,3
Côte d'Ivoire,CIV,Structural high,Neither,Structural high -> Neither,-1.1101139495627352,-0.37646265051767935,0.07732168957693686,-0.2586436107333224,-0.44181483698511503,-0.45285285041650186,,-0.2878708884342962,Climate/transmission,0.07732168957693686,1
Denmark,DNK,Neither,Neither,Neither -> Neither,0.35087235667090566,-0.2700337731123389,-0.1960677074554563,0.003987171508449572,-0.27691909530474257,-0.3372254461795396,,-0.5771537024879071,Household energy/HAP,0.35087235667090566,2
Dominican Republic,DOM,Neither,Neither,Neither -> Neither,1.2855125526191626,0.10680314243875433,0.14050901218528838,1.0922399753222332,0.19231109513296873,0.4070209641241896,,0.8224283443169111,Household energy/HAP,1.2855125526191626,7
Ecuador,ECU,Excess-only,Neither,Excess-only -> Neither,0.7497379164747024,-1.2460134128115763,0.0619673825143236,0.319690389694794,0.32858547061152354,-0.027048346176641425,,-0.4427280779922765,Household energy/HAP,0.7497379164747024,4
El Salvador,SLV,Neither,Neither,Neither -> Neither,-0.046843037557920075,0.049965072673437194,0.1123702782901011,0.8935943338298293,-0.01390805764377201,0.16473634499281026,,0.6759766127046717,WASH,0.8935943338298293,5
Equatorial Guinea,GNQ,Double-high,Neither,Double-high -> Neither,1.6289985588019449,0.6201987164600181,-0.05066364760166442,,0.4429584747968477,0.35491778309529454,,0.032884098306089904,Household energy/HAP,1.6289985588019449,5
Finland,FIN,Neither,Neither,Neither -> Neither,1.0635184250041971,-0.13354239742746232,-0.15809843228183562,0.0027387061520655065,0.3732079852121656,-0.24957045199148165,,-0.8839794561708499,Household energy/HAP,1.0635184250041971,3
France,FRA,Neither,Neither,Neither -> Neither,1.003550907668746,-0.3938560892119012,-0.18604458105837873,-0.0022709298976832937,0.09082895537014346,0.019147295016343435,,-0.3809212194711946,Household energy/HAP,1.003550907668746,3
Gabon,GAB,Double-high,Neither,Double-high -> Neither,1.5555112447285928,0.565587271653998,-0.09110057995084508,2.2805386395865623,1.0739609176956524,1.96244427362327,,1.2250203374427162,WASH,2.2805386395865623,6
Germany,DEU,Neither,Neither,Neither -> Neither,0.8757391350360941,-0.4038453908659357,-0.20467154784713726,-5.424216588290065e-05,0.05342501275537381,0.0022707372230618694,,-0.5915824033920333,Household energy/HAP,0.8757391350360941,3
Ghana,GHA,Neither,Neither,Neither -> Neither,0.23203193567785813,0.0120066590886726,-0.050274766053559405,0.5513444093696138,-0.3225607763203627,-0.051791329700771105,,-0.19299091043991973,WASH,0.5513444093696138,3
Greece,GRC,Neither,Neither,Neither -> Neither,-0.07231301214632968,-0.5086614379866421,0.3188636038196007,-0.2408584868712067,-1.1819499931609523,0.11103928494531162,,0.408158302825238,Health resources,0.408158302825238,3
Greenland,GRL,Neither,Neither,Neither -> Neither,-0.4997754772948154,0.13864088748671677,-0.08266449673939169,0.0614196590132946,,1.0810569485658608,,,HIV/TB,1.0810569485658608,3
Grenada,GRD,Neither,Neither,Neither -> Neither,0.7746708370362722,0.1731577550084118,0.03277607763357504,0.5709247220259702,1.104605729097876,0.051424764140942214,,-0.2508551581223819,Immunisation/UHC,1.104605729097876,6
Guatemala,GTM,Neither,Neither,Neither -> Neither,0.7598884000234429,0.2868713382915054,0.15781016417736393,0.8914578476961675,0.40146634609530324,0.08315557337689972,,0.6000716820312835,WASH,0.8914578476961675,7
Guyana,GUY,Neither,Neither,Neither -> Neither,1.066562141993585,-0.0975965230658484,0.15890502871516743,1.4356487484963885,0.16702839954837334,0.4034020098554399,,0.2047510905542272,WASH,1.4356487484963885,6
Honduras,HND,Neither,Neither,Neither -> Neither,-1.0426881659155662,-0.5037514443118964,0.19537304238115,-0.706699709707896,2.0326157636624465,-0.5053531915186933,,-1.841879284663616,Immunisation/UHC,2.0326157636624465,2
Iceland,ISL,Neither,Neither,Neither -> Neither,0.9458063718150753,0.07821418317836604,-0.09640532303174554,-0.000977029155085407,0.2636985879731609,-0.24337122261878763,,0.0035509896131382668,Household energy/HAP,0.9458063718150753,4
Iran (Islamic Republic of),IRN,Neither,Neither,Neither -> Neither,0.2624571649365487,1.4923050043134425,-0.20047808895154717,0.22674282249848401,0.03325182919979913,-0.07794079200427495,,-0.09765714858070096,Ambient PM2.5,1.4923050043134425,4
Ireland,IRL,Neither,Neither,Neither -> Neither,1.0097916406171783,-0.11699050309966441,-0.0100678933752264,-1.0958083271864214,-0.8073936202100346,-0.11742290730292299,,-0.6744127114013122,Household energy/HAP,1.0097916406171783,1
Israel,ISR,Neither,Neither,Neither -> Neither,0.6050979317466538,-0.11602345851000273,0.12071463384287662,0.015180603973246054,-0.45356815775923676,-0.2690096162614375,,0.24907868539872602,Household energy/HAP,0.6050979317466538,4
Italy,ITA,Neither,Neither,Neither -> Neither,0.434896893698301,-0.6176947451475707,0.07870828341333028,-0.19824697308500255,-1.0489718046757297,-0.014768321685792896,,0.013964230371409592,Household energy/HAP,0.434896893698301,3
Jamaica,JAM,Neither,Neither,Neither -> Neither,1.1922125924105176,0.814497432275694,0.071460568813136,1.6627726108815732,-0.2264571201783891,-0.119801757866627,,1.668508981704647,Health resources,1.668508981704647,5
Japan,JPN,Neither,Neither,Neither -> Neither,0.6785926988627506,0.10322683615010259,0.1105220310668399,-0.5521299980178996,-1.9196858595014512,-0.5404942576520902,,-0.04826268350710619,Household energy/HAP,0.6785926988627506,3
Kazakhstan,KAZ,Neither,Neither,Neither -> Neither,-0.664701892522443,0.5426768950929511,0.10826772672341534,-0.4656410350963007,-0.24767503773935806,0.3383967279412404,,0.5631649278764443,Health resources,0.5631649278764443,4
Kyrgyzstan,KGZ,Neither,Neither,Neither -> Neither,-1.45086038312949,0.24982511492502288,-0.571466866038334,-0.7789017121053977,-0.09712776944724372,-0.5557310075837889,,-0.1533563976964822,Ambient PM2.5,0.24982511492502288,1
Luxembourg,LUX,Neither,Neither,Neither -> Neither,-0.9144970549624245,-0.37824797822473505,-0.3247126801935093,-0.003941184679478127,-0.03707355569123527,0.11589242152223539,,-1.4350749763842638,HIV/TB,0.11589242152223539,1
Maldives,MDV,Neither,Neither,Neither -> Neither,0.22700511015519664,-0.4441748634056074,-0.23635487819981693,0.4825332072449745,0.36478831263242084,-0.07871929367876873,,-1.4516475976996057,WASH,0.4825332072449745,3
Malta,MLT,Neither,Neither,Neither -> Neither,0.5127048069675719,-0.13806876648466218,0.050899963842959195,0.0021194163175540792,-0.1568803237440644,0.3031625676003332,,-0.7303034407377185,Household energy/HAP,0.5127048069675719,4
Mexico,MEX,Neither,Neither,Neither -> Neither,0.6712544093987984,0.06693681064209378,-0.10995073645272291,-0.3253954430681677,1.053329255918315,0.019151454700550297,,0.008761006764879897,Immunisation/UHC,1.053329255918315,5
Micronesia (Federated States of),FSM,Neither,Neither,Neither -> Neither,1.2951211874161188,0.2949644573452823,-0.23376468326562683,,1.9705020969064189,0.8676466464941759,,0.8754315682968077,Immunisation/UHC,1.9705020969064189,5
Monaco,MCO,Neither,Neither,Neither -> Neither,-0.9144970549624245,-0.30207745887351023,-0.1878013279490637,0.0074211980486913465,0.6857862947486675,-0.1361093292575194,,-0.4476846163944366,Immunisation/UHC,0.6857862947486675,2
Mongolia,MNG,Neither,Neither,Neither -> Neither,-1.0943092605898477,1.2158352783095323,-0.01615075259433274,-1.0618920312816174,-0.8833403361979311,-0.03631146563676302,-1.6961144005903321,-0.1484429884699224,Ambient PM2.5,1.2158352783095323,1
Morocco,MAR,Double-high,Neither,Double-high -> Neither,0.5140884032353226,0.5708000946317588,0.16272210064712134,0.12492139093549226,0.1096317199914052,0.12732066207393455,,0.7969230956918587,Health resources,0.7969230956918587,7
Mozambique,MOZ,Structural high,Neither,Structural high -> Neither,-0.16918120090712685,-0.18882013986047674,-0.236135815603296,-1.0091139663706508,-0.013939670549511785,1.447329070817045,,-0.38455174547747584,HIV/TB,1.447329070817045,1
Netherlands,NLD,Neither,Neither,Neither -> Neither,0.4280586398687451,-0.43083978561991393,-0.1399760985316254,0.028539346119856313,0.26831678107828305,-0.2602481252203822,,-0.8862113480480058,Household energy/HAP,0.4280586398687451,3
New Zealand,NZL,Neither,Neither,Neither -> Neither,0.6829033044325221,0.07353853977826319,-0.009949609048717112,0.007420806651915135,0.0950899723902672,-0.24177262343406508,,-1.1388113249173255,Household energy/HAP,0.6829033044325221,4
Nicaragua,NIC,Neither,Neither,Neither -> Neither,0.3832695372355685,0.22241529729862658,0.3314433343767855,,0.5925284875476184,-0.12538299307007117,,0.2979867224112291,Immunisation/UHC,0.5925284875476184,5
North Macedonia,MKD,Neither,Neither,Neither -> Neither,-0.19310645495522838,-0.2669688480135016,0.2827334114253677,0.0901614045626574,0.15047397872137314,-0.04853801421069698,,0.5426844193218754,Health resources,0.5426844193218754,4
Norway,NOR,Neither,Neither,Neither -> Neither,-0.9144970549624245,-0.17563891527935638,-0.2321830650494877,-0.006724222602163155,-0.940293640964992,-0.2785177854661265,,-0.6913305169108614,No positive contextual lag,0.0,0
Panama,PAN,Neither,Neither,Neither -> Neither,-0.04280421212375818,0.015071912732022574,0.05475554270962091,-0.04658182710659303,0.6809703556986111,0.1363744025088541,,-1.481257056990021,Immunisation/UHC,0.6809703556986111,4
Paraguay,PRY,Neither,Neither,Neither -> Neither,-0.08205549647695087,-0.6522559340686587,-0.23322325463663118,-1.7571001992223585,-0.3006912637396594,-0.007861652026053212,,-1.1171095603163166,No positive contextual lag,0.0,0
Peru,PER,Double-high,Neither,Double-high -> Neither,-0.5953419152035102,-1.7350350893165782,-0.057269482319873916,0.0816523874369448,0.7383816428929025,-0.12014769755250387,-0.3800874532590953,-0.1694044435057508,Immunisation/UHC,0.7383816428929025,2
Portugal,PRT,Neither,Neither,Neither -> Neither,0.6192264937059361,0.9551924413264056,-0.378449012834655,0.5656523133868547,0.5532051853305364,0.1811686891088133,,1.1690560812639252,Health resources,1.1690560812639252,6
Republic of Korea,KOR,Neither,Neither,Neither -> Neither,0.5005820516145888,0.2457099043042448,0.24936221723558727,-0.04162391604484883,-1.2450659335564567,0.5253068697981749,,-1.4326527702918619,HIV/TB,0.5253068697981749,4
Republic of Moldova,MDA,Neither,Neither,Neither -> Neither,0.8157529421197325,-0.2762504300441025,-0.03734228685120988,1.9312081697232453,0.7063905886470707,2.368770484274048,,0.4295590681439403,HIV/TB,2.368770484274048,5
Russian Federation,RUS,Neither,Neither,Neither -> Neither,-1.7135319819839023,-0.5396680231670069,-0.3392172977792526,1.0855554214091798,-0.6170770741851791,0.15109214594725384,,1.2587811107273164,Health resources,1.2587811107273164,3
Saint Lucia,LCA,Neither,Neither,Neither -> Neither,0.7228487372932796,0.1271206641954672,0.03031469951054233,-0.1924419586613595,0.12016367176862564,-0.052957218251904525,,0.6472792816262816,Household energy/HAP,0.7228487372932796,5
Saint Vincent and the Grenadines,VCT,Neither,Neither,Neither -> Neither,0.3833885964093662,0.12902578792194297,-0.2922718807218202,,-0.18645465504471137,0.12066023979133,,-1.1031048596454607,Household energy/HAP,0.3833885964093662,3
San Marino,SMR,Neither,Neither,Neither -> Neither,-0.9144970549624245,-0.1752620377111304,0.22105861055068982,0.007421446530316178,0.4152326184768419,-0.2297278108368499,,0.052333560365914744,Immunisation/UHC,0.4152326184768419,4
Sao Tome and Principe,STP,Structural high,Neither,Structural high -> Neither,-0.4646094488256391,-0.07378181926496485,0.08902266409909054,-0.4628430971928304,-0.5810889944402076,-0.6330292949586462,,-2.2840400074309466,Climate/transmission,0.08902266409909054,1
Senegal,SEN,Structural high,Neither,Structural high -> Neither,-0.40433637122273225,-0.37005519761074057,0.071399965058246,-0.968889506356519,-1.2946665552470678,-0.020271341295259815,0.268148563217331,-0.07900642955204679,Nutrition,0.268148563217331,2
Serbia,SRB,Neither,Neither,Neither -> Neither,-0.6507384642699884,-0.08597019469459899,0.6983781402765954,-0.08860765669851522,-0.5964534350140108,0.3584202569399722,,-0.23131322496652984,Climate/transmission,0.6983781402765954,2
Spain,ESP,Neither,Neither,Neither -> Neither,0.3440106163862311,-0.20948679503598341,-0.058080448568487264,0.01244946429385041,-0.16801927681110687,-0.47834527115364384,,-0.44399133066280266,Household energy/HAP,0.3440106163862311,2
Suriname,SUR,Neither,Neither,Neither -> Neither,-0.025025613890021225,-0.8829968212642075,-0.3135015988027542,-0.298459385277222,-0.43265519431932875,0.6005034099698195,,-0.13315913357114373,HIV/TB,0.6005034099698195,1
Sweden,SWE,Neither,Neither,Neither -> Neither,0.9377993531520572,-0.17444112743276752,-0.22675527141193086,-0.1586130993331388,-0.2179819662273945,-0.25843670407539865,,-0.5198883336303619,Household energy/HAP,0.9377993531520572,1
Switzerland,CHE,Neither,Neither,Neither -> Neither,-0.9144970549624245,-0.5463610346861125,-0.07145724401752501,0.004594905206715905,-0.03467801895896927,-0.2080839510866887,,-1.726445574880034,WASH,0.004594905206715905,1
Tajikistan,TJK,Neither,Neither,Neither -> Neither,-0.2779523634680232,1.371177538640094,0.644112649564736,0.3125992408008311,0.33009614852984426,0.06152817814069167,-0.023271510773794107,0.5168184439339817,Ambient PM2.5,1.371177538640094,6
Trinidad and Tobago,TTO,Neither,Neither,Neither -> Neither,0.03586245696962542,0.37361500734928493,0.25354883791431626,,0.13136009543156962,0.7457227912069211,,0.11208492817027782,HIV/TB,0.7457227912069211,6
Ukraine,UKR,Neither,Neither,Neither -> Neither,0.7854005060967708,-0.6186103412528133,0.0005909118532042568,1.7616785123518341,1.2331429475208797,1.1745045736359847,,0.4686252727624785,WASH,1.7616785123518341,6
United Kingdom,GBR,Neither,Neither,Neither -> Neither,1.0484550374953219,-0.3179626049610008,-0.061989111480799594,0.002519963930288971,-0.35235094912566234,0.06153448043720289,,-0.3794375583582433,Household energy/HAP,1.0484550374953219,3
United States of America,USA,Neither,Neither,Neither -> Neither,-0.9144970549624245,-0.27654382409319217,-0.0005944806955041626,-0.05578861563126419,-0.025153661546277684,-0.1717257348284068,,-2.5863028891739237,No positive contextual lag,0.0,0
Uruguay,URY,Neither,Neither,Neither -> Neither,0.1056671541412133,0.29509425733446865,0.1042052803335701,0.05432010116605118,0.008320402308020947,1.5491123522678434,,2.2324981115901514,Health resources,2.2324981115901514,7
Uzbekistan,UZB,Excess-only,Neither,Excess-only -> Neither,-0.12313619478268997,-0.41187612444237476,-0.11400452911550008,-0.017564476362233072,-0.44286650619434054,-0.520620410724493,,1.5446132012024123,Health resources,1.5446132012024123,1
Venezuela (Bolivarian Republic of),VEN,Neither,Neither,Neither -> Neither,0.7591945898613799,-0.03462125158745151,-0.3124556811165459,0.07226391936157206,0.6246324791714621,-0.17767840408874053,,,Household energy/HAP,0.7591945898613799,3
Viet Nam,VNM,Double-high,Neither,Double-high -> Neither,-0.2262012879764993,-0.4575179966726026,-0.127831230398335,0.07448614439749468,1.6925352168383125,0.30291044712110043,0.1625550736761565,0.20034692233290047,Immunisation/UHC,1.6925352168383125,5
Zambia,ZMB,Structural high,Neither,Structural high -> Neither,-0.4561998157339331,-0.18434031054630112,-0.4140539408117536,-0.5399695505646166,-0.8789636048731632,-0.07176470295008164,,-0.6846662153488846,No positive contextual lag,0.0,0
Afghanistan,AFG,Double-high,Structural high,Double-high -> Structural high,-1.0351705647270129,-0.70382300806953,-0.3638549941978866,-1.4739174879664723,-0.06534542273173005,0.2820139645061495,,,HIV/TB,0.2820139645061495,1
Bangladesh,BGD,Double-high,Structural high,Double-high -> Structural high,-1.4155102609071555,0.3008859743066221,0.16078069418258034,-0.8899852226517571,-1.199384949676696,0.2481535543875092,,-0.9773058541143069,Ambient PM2.5,0.3008859743066221,3
Benin,BEN,Structural high,Structural high,Structural high -> Structural high,-0.38286699293404425,-0.45886086422478756,0.15593552641746244,0.008277673796554308,0.37333162732854686,-0.22070153949978988,,-0.17646868200528915,Immunisation/UHC,0.37333162732854686,3
Burundi,BDI,Double-high,Structural high,Double-high -> Structural high,0.21802986889228104,-0.19752898758933685,0.28498806078521355,0.038139538256854094,-0.7199090144946441,-0.409460681882521,-0.4864375321620396,-0.10975016850874142,Climate/transmission,0.28498806078521355,3
Cambodia,KHM,Double-high,Structural high,Double-high -> Structural high,-2.166788329021328,-0.4895233585749817,0.1868419030598505,-1.8883956733580445,-1.1577769256716672,-0.40598117768623765,,-1.4627202474722485,Climate/transmission,0.1868419030598505,1
Cameroon,CMR,Structural high,Structural high,Structural high -> Structural high,-0.7633291713656347,-0.0443452725093747,0.08530165023498432,-0.18432301097721432,-0.250301962920075,0.005886058221254292,,-0.48124274575204207,Climate/transmission,0.08530165023498432,2
Central African Republic,CAF,Double-high,Structural high,Double-high -> Structural high,0.2526584562166718,0.039889833759613,-0.028084793991825396,1.4198264504316547,0.9242403767346677,0.03885884750665669,,-0.28525478409756094,WASH,1.4198264504316547,5
Chad,TCD,Structural high,Structural high,Structural high -> Structural high,-0.3113074332575174,-0.18304366224108504,-0.029205073452797894,0.26553909549553056,0.6074946781883134,-0.0585098579876937,,-0.15848833938713347,Immunisation/UHC,0.6074946781883134,2
Comoros,COM,Double-high,Structural high,Double-high -> Structural high,-0.25144565614627523,-0.11585060601934916,0.08018977405759109,-0.3892618137370068,0.284027165613579,-0.2069903999665611,,-0.7822807579314648,Immunisation/UHC,0.284027165613579,2
Democratic People's Republic of Korea,PRK,Double-high,Structural high,Double-high -> Structural high,1.3773014329728779,0.34920923348718325,0.49459144802605826,1.1251179610370183,-0.050435239508643204,,,,Household energy/HAP,1.3773014329728779,4
Democratic Republic of the Congo,COD,Double-high,Structural high,Double-high -> Structural high,-0.03710590777538969,-0.10486741466629779,-0.0842155988482236,0.9688888975194021,-0.05408250196896469,0.23308328468038791,,0.5941738583343418,WASH,0.9688888975194021,3
Djibouti,DJI,Structural high,Structural high,Structural high -> Structural high,-0.8085940144199818,-0.06861909387155551,0.20174012364224514,-0.38812296449892275,-0.3654659391609533,-2.199526506492443,,-0.38483768498081994,Climate/transmission,0.20174012364224514,1
Eritrea,ERI,Double-high,Structural high,Double-high -> Structural high,-0.07239497035472453,-0.41877870168796777,0.005015986764354774,,-0.7569231713017217,-1.6996743420276834,,0.34139803716846295,Health resources,0.34139803716846295,2
Eswatini,SWZ,Double-high,Structural high,Double-high -> Structural high,0.3736207447968521,0.3488247996325275,-0.1997066802264263,0.7779983031963356,0.2221268530337023,-0.7157978914644421,,0.8121718978198129,Health resources,0.8121718978198129,5
Ethiopia,ETH,Double-high,Structural high,Double-high -> Structural high,-0.6786515948674476,0.10270501550648953,-0.08639604783802568,-0.31039602400402666,-0.5187905656876461,-0.5123382628107498,,-0.09389561249330725,Ambient PM2.5,0.10270501550648953,1
Gambia,GMB,Structural high,Structural high,Structural high -> Structural high,0.11197600211693809,-0.20633116613731772,0.017751976529441715,-0.11773783050938524,1.2564860863064442,0.066596680353183,,0.8695519517154944,Immunisation/UHC,1.2564860863064442,5
Guinea,GIN,Structural high,Structural high,Structural high -> Structural high,-0.058999190337154506,-0.199793056866556,0.11236266053485161,-0.6180138366753133,0.5385748502308593,0.2841758944333712,,-0.3788836319137496,Immunisation/UHC,0.5385748502308593,3
Guinea-Bissau,GNB,Structural high,Structural high,Structural high -> Structural high,0.06337103285649703,-0.2861124039890013,0.14604004797504266,-0.1196731632840653,-0.41817867993548175,0.09702933721038359,,-0.760826890712174,Climate/transmission,0.14604004797504266,3
Haiti,HTI,Double-high,Structural high,Double-high -> Structural high,0.03342256567907953,-0.03010684367063965,0.23256676937606657,-0.21843124981174739,0.5346858203620669,-0.31744511623269167,-0.012425561062557988,0.06549459765859916,Immunisation/UHC,0.5346858203620669,4
Kiribati,KIR,Neither,Structural high,Neither -> Structural high,1.1821041872949707,0.30401399694605424,-0.1426918019819392,0.9456831933498614,0.048266151028928,0.35054040134111464,,0.4105599684080382,Household energy/HAP,1.1821041872949707,6
Lao People's Democratic Republic,LAO,Structural high,Structural high,Structural high -> Structural high,-1.3404747977951939,-0.7664359526207605,0.007910789618826686,-2.139539371121723,-0.7238334165292425,-0.1527819113000341,-0.8066048753023283,-0.004896692906179612,Climate/transmission,0.007910789618826686,1
Liberia,LBR,Structural high,Structural high,Structural high -> Structural high,0.018723770454797783,-0.08649745185571212,0.11124635063878408,-0.24002803473208967,-0.9322618083077178,0.2504456242294272,,-1.3107530390716122,HIV/TB,0.2504456242294272,3
Madagascar,MDG,Double-high,Structural high,Double-high -> Structural high,0.07901711286288826,0.06419973810705537,-0.03727918989516549,-0.021694945500490892,0.16607131084996163,0.30506246449506136,,0.6487921533988132,Health resources,0.6487921533988132,5
Malawi,MWI,Double-high,Structural high,Double-high -> Structural high,0.028138276154690778,-0.13922301432482043,-0.2931348845162986,-0.8537172480408388,-0.9787480078703026,-0.7841948871476705,,0.09119891754588039,Health resources,0.09119891754588039,2
Mali,MLI,Neither,Structural high,Neither -> Structural high,-0.16506404781005868,-0.050137576086953295,0.0828188833416462,-1.166247064677332,-0.5653579731266393,-0.19683145020611648,,-0.026168261555010175,Climate/transmission,0.0828188833416462,1
Mauritania,MRT,Structural high,Structural high,Structural high -> Structural high,-0.9249743777384694,-0.40439352277167395,-0.0323290795708596,-1.3194672011621675,-1.0319249602771898,-0.3359585647432687,,-0.8619699653327964,No positive contextual lag,0.0,0
Myanmar,MMR,Structural high,Structural high,Structural high -> Structural high,-0.661302851101974,0.37595067684735894,0.030940899678729927,0.3115283818234754,0.898566738869877,0.3472322131950981,,0.1650604560298644,Immunisation/UHC,0.898566738869877,6
Nepal,NPL,Double-high,Structural high,Double-high -> Structural high,-1.3808312336024682,0.7018973489789545,0.14835390682356253,-1.599023217411361,-1.370422901597074,0.02557411971815049,,-2.8628818154662743,Ambient PM2.5,0.7018973489789545,3
Niger,NER,Structural high,Structural high,Structural high -> Structural high,-0.046876624602014694,0.4384256956604171,0.02575482842874341,0.07329976200525867,-1.1373572761430006,-0.09252800642729564,,0.21001772381022155,Ambient PM2.5,0.4384256956604171,4
Papua New Guinea,PNG,Neither,Structural high,Neither -> Structural high,-0.17633034866037559,-0.09804126746402719,-0.08767714238532609,-0.05311897639395213,1.7321324017630066,0.7810481743055068,,-0.4740384084765683,Immunisation/UHC,1.7321324017630066,2
Rwanda,RWA,Double-high,Structural high,Double-high -> Structural high,-0.5928950854736836,-0.14056536704310912,0.2285944112702818,-0.6954050085164845,-1.1994556121703668,-0.4623963306215803,,-0.1596077328133349,Climate/transmission,0.2285944112702818,1
Samoa,WSM,Neither,Structural high,Neither -> Structural high,0.5746280363401433,0.3634446252280503,-0.16965523923305048,0.5109436692432674,0.7462678519257351,-0.019404395228172833,,0.24608467904795478,Immunisation/UHC,0.7462678519257351,5
Sierra Leone,SLE,Structural high,Structural high,Structural high -> Structural high,-0.09388738418043108,-0.07974580811961918,0.08312750140586223,-0.4442390126724277,-1.5148583621433893,0.357278788342126,,0.32240725536160236,HIV/TB,0.357278788342126,3
Solomon Islands,SLB,Neither,Structural high,Neither -> Structural high,0.08165679538681048,0.017013489221459732,0.07868886726888724,0.251617340566802,-0.0870178704631962,-0.2550191542189588,,-0.8155600383131828,WASH,0.251617340566802,4
Somalia,SOM,Structural high,Structural high,Structural high -> Structural high,-0.06531206604674478,-0.17958593990888372,0.20145187010844703,-1.1702052794315685,0.2745327731557283,-0.15572458212936002,,,Immunisation/UHC,0.2745327731557283,2
South Sudan,SSD,Structural high,Structural high,Structural high -> Structural high,0.7426404563096761,-0.23801778222558978,-0.283473748492038,,-0.021936409328566664,0.530756415639744,,,Household energy/HAP,0.7426404563096761,2
Sudan,SDN,Structural high,Structural high,Structural high -> Structural high,0.1079646704107751,0.8160062070722779,0.08855267966486301,0.8405362708992359,1.4327517830841037,0.00032196120081762203,,0.1665218911670563,Immunisation/UHC,1.4327517830841037,7
Syrian Arab Republic,SYR,Neither,Structural high,Neither -> Structural high,1.7303431924857064,1.005995208148086,0.23109438019431394,0.83620441133118,1.7770211558428977,0.026139409548569303,,1.23727885077798,Immunisation/UHC,1.7770211558428977,7
Togo,TGO,Structural high,Structural high,Structural high -> Structural high,-0.3646679149029401,-0.7147242594967312,0.12150358081226909,-0.2489159444566451,-0.9133538549959825,-0.2383291544682472,,-0.2636937781254316,Climate/transmission,0.12150358081226909,1
Tuvalu,TUV,Neither,Structural high,Neither -> Structural high,-0.1964027959465478,0.32168749192249235,-0.1822633463658343,0.7288495612660586,-0.0557629957092205,0.20459172163991585,,1.2145028472253,Health resources,1.2145028472253,4
Uganda,UGA,Structural high,Structural high,Structural high -> Structural high,-0.34028762892257053,-0.043571110679104005,-0.07297291414165788,-0.4587937705554628,-1.4115197449787305,0.05240360159812252,,0.09733859592405825,Health resources,0.09733859592405825,2
United Republic of Tanzania,TZA,Double-high,Structural high,Double-high -> Structural high,-0.6728018312477735,-0.02444170993138839,0.047062240620943885,-0.9439138460518159,-0.5856896628898043,-0.2786746367518369,,-0.016572972510849437,Climate/transmission,0.047062240620943885,1
Vanuatu,VUT,Neither,Structural high,Neither -> Structural high,-0.17734449528246632,-0.1627977657623929,-0.10857566718048228,0.24315612896022087,0.2721046271018164,-0.4956294326532807,,-1.688008464158757,Immunisation/UHC,0.2721046271018164,2
Yemen,YEM,Double-high,Structural high,Double-high -> Structural high,0.2037090946201141,0.03984163060193002,-0.38807028742348626,-0.8718945883211611,1.5006939322295219,-0.2201105787961275,,0.09796611550996309,Immunisation/UHC,1.5006939322295219,4
Zimbabwe,ZWE,Neither,Structural high,Neither -> Structural high,0.21900186367699712,-0.105451820983685,-0.5598902142972618,0.6050534226504937,-0.8946490352325518,-1.1910563034020403,,-0.2822650941615903,WASH,0.6050534226504937,2
